<?xml version="1.0" encoding="UTF-8" ?>
<!DOCTYPE suite SYSTEM "https://testng.org/testng-1.0.dtd" >
<suite name="FSTTests" thread-count="4" parallel="classes">
    <!-- Comment out groups to run everything -->
	<groups>
        <run>
            <include name="HeaderTests" />
        </run>
    </groups>
    <parameter name="username" value="admin" />
    <parameter name="password" value="password" />
    <test name="FSTActivities">
        <classes>
            <class name="activities.Activity1" />
            <class name="activities.Activity2" />
            <class name="activities.Activity3" />
            <class name="activities.Activity4_DemoOne" />
            <class name="activities.Activity4_DemoTwo" />
            <class name="activities.Activity5" />
            <class name="activities.Activity6" />
            <class name="activities.Activity7" />
        </classes>
    </test>
</suite>