<?xml version="1.0" encoding="UTF-8"?>
<con:soapui-project id="dc68a5f3-ee1a-4e77-a7e6-6144a672cbfa" created="3.61.0" activeEnvironment="Default environment" encryptionMode="Not encrypted" name="Activity6_JDBC" projectVersion="" updated="3.61.0 2025-06-17T10:42:49Z" xmlns:con="http://eviware.com/soapui/config">
  <con:settings/>
  <con:interface xsi:type="con:RestService" id="500dd00b-ff7c-412e-a337-b9e3a9947f92" wadlVersion="http://wadl.dev.java.net/2009/02" name="http://ipwhois.app" type="rest" xmlns:xsi="http://www.w3.org/2001/XMLSchema-instance">
    <con:settings id="41e3ccc9-2df9-447c-88a9-fa5a04d7ff23"/>
    <con:definitionCache/>
    <con:endpoints>
      <con:endpoint>http://ipwhois.app</con:endpoint>
    </con:endpoints>
    <con:resource name="IP" path="/json/{IP}" id="47aa2dcb-70bf-4b06-9fc5-c625fe17a51f">
      <con:settings/>
      <con:parameters/>
      <con:method name="IP" id="b10449a2-6687-4fc1-a496-3461c3c26b3e" method="GET">
        <con:settings/>
        <con:parameters>
          <con:parameter required="true">
            <con:name>IP</con:name>
            <con:value>IP</con:value>
            <con:style>TEMPLATE</con:style>
            <con:default>IP</con:default>
            <con:path xsi:nil="true"/>
            <con:description xsi:nil="true"/>
          </con:parameter>
        </con:parameters>
        <con:representation type="RESPONSE">
          <con:mediaType>application/json; charset=utf-8</con:mediaType>
          <con:status>200</con:status>
          <con:params/>
          <con:element xmlns:ns="http://ipwhois.app/json/144.54.7.148">ns:Response</con:element>
        </con:representation>
        <con:request name="Request 1" id="4e1c2a13-4e9d-4cd1-9c95-34af747bf699" mediaType="application/json">
          <con:settings/>
          <con:endpoint>http://ipwhois.app</con:endpoint>
          <con:parameters>
            <con:entry key="IP" value="IP"/>
          </con:parameters>
          <con:parameterOrder>
            <con:entry>IP</con:entry>
          </con:parameterOrder>
        </con:request>
      </con:method>
    </con:resource>
  </con:interface>
  <con:testSuite id="4bf74721-05cb-4c40-9ded-067931189bfa" name="http://ipwhois.app Test Suite">
    <con:settings id="dc3f0a14-b19d-46f8-b8f3-a060ab9341d1"/>
    <con:runType>SEQUENTIAL</con:runType>
    <con:testCase id="6f882f4d-073e-457f-99af-381956aef2d0" discardOkResults="false" failOnError="false" failTestCaseOnErrors="true" keepSession="false" name="Activity6TestCase" searchProperties="true" timeout="0">
      <con:settings/>
      <con:testStep type="datasource" name="DataSource" id="4717a480-9b34-4672-9f12-f5fba1a8759f">
        <con:settings/>
        <con:config xsi:type="con:DataSourceStep" xmlns:xsi="http://www.w3.org/2001/XMLSchema-instance">
          <con:dataSource type="Data Generator">
            <con:configuration>
              <generatedDataCount>10</generatedDataCount>
              <generatorsTotalNumber>1</generatorsTotalNumber>
              <lastSelectedProperty>0</lastSelectedProperty>
              <GeneratorType0>COMP</GeneratorType0>
              <PropertyName0>ipAddress</PropertyName0>
              <repetitionCountipAddress>0</repetitionCountipAddress>
              <repeatValuesipAddress>false</repeatValuesipAddress>
              <ComputerAddressTypeipAddress>IPv4</ComputerAddressTypeipAddress>
              <escapeSpaceSequence/>
            </con:configuration>
          </con:dataSource>
          <con:shared>true</con:shared>
          <con:restartShared>true</con:restartShared>
          <con:property>ipAddress</con:property>
          <con:restartOnRun>true</con:restartOnRun>
          <con:stopDatasourceExhausted>false</con:stopDatasourceExhausted>
        </con:config>
      </con:testStep>
      <con:testStep type="restrequest" name="GetIp" id="867267e2-697f-4df1-b99f-47a8687ebee1">
        <con:settings/>
        <con:config service="http://ipwhois.app" resourcePath="/json/{IP}" methodName="IP" xsi:type="con:RestRequestStep" xmlns:xsi="http://www.w3.org/2001/XMLSchema-instance">
          <con:restRequest name="GetIp" id="4e1c2a13-4e9d-4cd1-9c95-34af747bf699" mediaType="application/json">
            <con:settings>
              <con:setting id="com.eviware.soapui.impl.wsdl.WsdlRequest@request-headers">&lt;xml-fragment/></con:setting>
            </con:settings>
            <con:endpoint>http://ipwhois.app</con:endpoint>
            <con:request/>
            <con:originalUri>http://ipwhois.app/json/144.54.7.148</con:originalUri>
            <con:assertion type="Valid HTTP Status Codes" id="86979e49-daf6-4f1c-bd80-94c5bd4d9545" name="Valid HTTP Status Codes">
              <con:settings/>
              <con:configuration>
                <codes>200</codes>
              </con:configuration>
            </con:assertion>
            <con:credentials>
              <con:selectedAuthProfile>No Authorization</con:selectedAuthProfile>
              <con:authType>No Authorization</con:authType>
            </con:credentials>
            <con:jmsConfig JMSDeliveryMode="PERSISTENT"/>
            <con:parameters>
              <con:entry key="IP" value="${DataSource#ipAddress}"/>
            </con:parameters>
            <con:parameterOrder>
              <con:entry>IP</con:entry>
            </con:parameterOrder>
          </con:restRequest>
        </con:config>
      </con:testStep>
      <con:testStep type="datasink" name="Data Sink" id="9b57edcd-ffa6-46a7-8cec-818349067547">
        <con:settings/>
        <con:config xsi:type="con:DataSinkStep" xmlns:xsi="http://www.w3.org/2001/XMLSchema-instance">
          <con:dataSink type="JDBC">
            <con:configuration>
              <driver>com.mysql.jdbc.Driver</driver>
              <connstr>jdbc:mysql://db4free.net:3306/fstm1db?user=fstm1db&amp;password=PASS_VALUE</connstr>
              <pass>6Y6NowPybq</pass>
              <Connection>Activity6( Default environment )</Connection>
              <query>INSERT INTO coordinates VALUES (?,?,?);</query>
              <stored-procedure>false</stored-procedure>
            </con:configuration>
          </con:dataSink>
          <con:properties>
            <con:property>
              <con:name>country</con:name>
              <con:value>${GetIp#Response#$['country']}</con:value>
            </con:property>
            <con:property>
              <con:name>latitude</con:name>
              <con:value>${GetIp#Response#$['latitude']}</con:value>
            </con:property>
            <con:property>
              <con:name>longitude</con:name>
              <con:value>${GetIp#Response#$['longitude']}</con:value>
            </con:property>
          </con:properties>
        </con:config>
      </con:testStep>
      <con:testStep type="datasourceloop" name="Data Source Loop" id="a3bc2fff-0d46-4cb9-b4ee-4b235cb525fc">
        <con:settings/>
        <con:config>
          <dataSourceStep>DataSource</dataSourceStep>
          <targetStep>Request 1</targetStep>
          <discardResults>true</discardResults>
        </con:config>
      </con:testStep>
      <con:properties/>
      <con:reportParameters/>
    </con:testCase>
    <con:properties/>
    <con:reportParameters/>
  </con:testSuite>
  <con:properties/>
  <con:wssContainer/>
  <con:databaseConnectionContainer>
    <con:databaseConnection>
      <con:name>Activity6</con:name>
      <con:driver>com.mysql.jdbc.Driver</con:driver>
      <con:connectionString>jdbc:mysql://db4free.net:3306/fstm1db?user=fstm1db&amp;password=PASS_VALUE</con:connectionString>
      <con:password>6Y6NowPybq</con:password>
      <con:connectionProperties/>
    </con:databaseConnection>
  </con:databaseConnectionContainer>
  <con:jmsConnectionContainer/>
  <con:oAuth2ProfileContainer/>
  <con:oAuth1ProfileContainer/>
  <con:reporting>
    <con:xmlTemplates/>
    <con:parameters/>
  </con:reporting>
  <con:eventHandlers type="RequestFilter.filterRequest" name="RequestFilter.filterRequest">
    <con:script>// Sample event script to add custom HTTP header to all outgoing REST, SOAP and HTTP(S) calls
// This code is often used for adding custom authentication to ReadyAPI functional tests

// If hardcoding the token, uncomment and change line 5
// token = '4567'

// If your token is parameterized in Project level custom property, uncomment line 8
// token = request.parent.testCase.testSuite.project.getProperty('auth_token').getValue()

// To modify all outgoing calls, remove comments from lines 11 to 16
// headers = request.requestHeaders
// if (headers.containsKey('auth_token2') == false) {
//   headers.put('auth_token2', token)
//   request.requestHeaders = headers
// }</con:script>
  </con:eventHandlers>
  <con:eventHandlers type="TestRunListener.afterStep" name="TestRunListener.afterStep">
    <con:script>// Save all test step results into files
// Change the directory path in line 5 to a location where you want to store details
// then uncomment lines 5 to 10

// filePath = 'C:\\tempOutputDirectory\\'
// fos = new java.io.FileOutputStream(filePath + testStepResult.testStep.label + '.txt', true)
// pw = new java.io.PrintWriter(fos)
// testStepResult.writeTo(pw)
// pw.close()
// fos.close()</con:script>
  </con:eventHandlers>
  <con:authRepository/>
  <con:tags/>
</con:soapui-project>
