<?xml version="1.0" encoding="UTF-8"?>
<con:testCase id="4c30d4d0-fe12-4d26-a577-933f7134f9a7" discardOkResults="false" failOnError="false" failTestCaseOnErrors="true" keepSession="false" name="Data Driven_Excel_Activity7" searchProperties="true" timeout="0" xmlns:con="http://eviware.com/soapui/config"><con:settings/><con:testStep type="datasource" name="Excel_datasource" id="b1ab1e70-cfbe-4a69-9775-50c6252a4326"><con:settings/><con:config xsi:type="con:DataSourceStep" xmlns:xsi="http://www.w3.org/2001/XMLSchema-instance"><con:dataSource type="Excel"><con:configuration><file>C:/Users/04279E744/Desktop/FST/API_Projects/Excel_DataSource.xlsx</file><worksheet/><cell>A2</cell><ignoreEmpty>false</ignoreEmpty><evaluateFormulas>false</evaluateFormulas></con:configuration></con:dataSource><con:shared>false</con:shared><con:restartShared>false</con:restartShared><con:property>IP Address</con:property><con:restartOnRun>true</con:restartOnRun><con:stopDatasourceExhausted>false</con:stopDatasourceExhausted></con:config></con:testStep><con:testStep type="restrequest" name="Request 1" id="eb4db030-5539-494c-9374-6c925e679cd3"><con:settings/><con:config service="http://ipwhois.app" resourcePath="/json/{IP}" methodName="IP" xsi:type="con:RestRequestStep" xmlns:xsi="http://www.w3.org/2001/XMLSchema-instance"><con:restRequest name="Request 1" id="d076b444-5078-43e4-962b-214455e7b229" mediaType="application/json"><con:settings><con:setting id="com.eviware.soapui.impl.wsdl.WsdlRequest@request-headers">&lt;xml-fragment/></con:setting></con:settings><con:endpoint>http://ipwhois.app</con:endpoint><con:request/><con:originalUri>http://ipwhois.app/json/94.127.62.254</con:originalUri><con:assertion type="Valid HTTP Status Codes" id="276e6948-b49b-4e5e-beda-7f5b2f3e48de" name="Valid HTTP Status Codes"><con:settings/><con:configuration><codes>200</codes></con:configuration></con:assertion><con:assertion type="JsonPath Match" id="45fa708a-fa54-4388-97b3-55e3d359d8a3" name="JSONPath Match"><con:configuration><path>$['ip']</path><content>"94.127.62.254"</content><allowWildcards>false</allowWildcards><ignoreNamspaceDifferences>false</ignoreNamspaceDifferences><ignoreComments>false</ignoreComments></con:configuration></con:assertion><con:credentials><con:selectedAuthProfile>No Authorization</con:selectedAuthProfile><con:authType>No Authorization</con:authType></con:credentials><con:jmsConfig JMSDeliveryMode="PERSISTENT"/><con:parameters><con:entry key="IP" value="${Excel_datasource#IP Address}"/></con:parameters><con:parameterOrder><con:entry>IP</con:entry></con:parameterOrder></con:restRequest></con:config></con:testStep><con:testStep type="datasourceloop" name="Data Source Loop" id="dd37c658-968a-4ec2-a703-64a61a2431dc"><con:settings/><con:config><dataSourceStep>Excel_datasource</dataSourceStep><targetStep>Request 1</targetStep><discardResults>true</discardResults></con:config></con:testStep><con:properties/><con:reportParameters/></con:testCase>